-																																																			
	All-Time Categories																																																		
	Category: All-Time List	Category: Games Acquired 2026	Category: Games Acquired 2025	Category: Games Acquired 2024	Category: Games Acquired 2023	Category: Games Acquired 2022	Category: Games Acquired 2021	Category: Games Acquired 2020	Category: Games Acquired 2019	Category: Games Acquired 2018	Category: Games Completed 2018	Category: Games Acquired 2017	Category: Games Completed 2017	Category: Games Acquired 2016	Category: Games Completed 2016	Category: Games Acquired 2015	Category: Games Completed 2015	Category: PS1 Games	Category: PS Classic Games	Category: PS2 Games	Category: PS3 Games	Category: PS4 Games	Category: Wii Games	Category: 3DS Games	Category: DS Games	Category: GCN Games	Category: SNES Classic Games	Category: PSP Games	Category: VITA Games	Category: Atari FB Games	Category: PC Games	Category: FPS Games	Category: TPS Games	Category: Horror Games	Category: Racing Games	Category: Fighting Games	Category: RPGs	Category: Platformers	Category: Action Games	Category: Adventure Games	Category: Stealth Games	Category: Hack&Slash Games	Category: Puzzle Games	Category: Strategy Games	Category: Sports Games	Category: Party Games	Category: Open World Games	Category: Games from Slavica		What is GOTC?	
																																																		The "GOTC" sheet is a comprehensive catalog documenting the Game of the Year (GOTY) awards across various years and categories. The sheet provides a structured overview of outstanding games that have earned prestigious honors in their respective genres.   It's consistently kept up-to-date, and a new GOTY entry is added once a year.   Each entry is accompanied with a game icon, that's created from scratch.	
	Fallout: New Vegas [PS3]		Silent Hill 2 [PS2]	Bloodborne [PS4]	Fallout 4 [PS4]	Red Dead Redemption [PS3]	Kingdoms of Amalur: Reckoning [PS3]	Warriors Orochi [PSP]	Fallout: New Vegas [PS3]	Rune Factory 2 [NDS]	Rune Factory 2 [NDS]	Half-Life [PC]	Half-Life [PC]	Neverwinter Nights [PC]	Neverwinter Nights [PC]	Professor Layton and the Curious Village [NDS]	Professor Layton and the Curious Village [NDS]	Dino Crisis [PS1]	Revelations: Persona [PS Classic]	Silent Hill 2 [PS2]	Fallout: New Vegas [PS3]	Fallout 4 [PS4]	MadWorld [Wii]	Yo-kai Watch [3DS]	Professor Layton and the Curious Village [NDS]	NBA Street Vol. 2 [GCN]	Super Metroid [SNES Classic]	Metal Gear Solid: Peace Walker [PSP]	Toukiden: The Age of Demons [VITA]	Adventure II [Atari FB3]	Neverwinter Nights [PC]	Bioshock [PS3]	Resident Evil Revelations [PS3]	Silent Hill 2 [PS2]	Burnout Revenge [PS2]	Guilty Gear X2 #Reload [PC]	Fallout: New Vegas [PS3]	Super Metroid [SNES Classic]	Bloodborne [PS4]	Red Dead Redemption [PS3]	Metal Gear Solid: Peace Walker [PSP]	Warriors Orochi [PSP]	Professor Layton and the Curious Village [NDS]	Kessen III [PS2]	Football Manager 2010 Handheld [PSP]	Mario Party 8 [Wii]	Fallout: New Vegas [PS3]	Silent Hill 2 [PS2]			
	Fallout 3 Game of the Year Edition [PS3]		Medievil [PS4]	Dead Space 2 [PS3]	Fallout 3 Game of the Year Edition [PS3]	Yo-kai Watch [3DS]	Bully [PS2]	Dark Souls II [PS3]	Metal Gear Solid: Peace Walker [PSP]	Super Metroid [SNES Classic]	Super Metroid [SNES Classic]	Ratchet & Clank 3 [PS2]	Ratchet & Clank 3 [PS2]	Grand Theft Auto: Liberty City Stories [PSP]	Grand Theft Auto: Liberty City Stories [PSP]	Ratchet & Clank 2 [PS2]	Ratchet & Clank 2 [PS2]	Crash Bandicoot 2: Cortex Strikes Back [PS1]	Metal Gear Solid [PS Classic]	Kessen III [PS2]	Fallout 3 Game of the Year Edition [PS3]	Bloodborne [PS4]	Cursed Mountain [Wii]	Yo-Kai Watch 2: Fleshy Souls [3DS]	Rune Factory 2 [NDS]		Earthbound [SNES Classic]	Warriors Orochi [PSP]	Uncharted: Golden Abyss [VITA]	Super Breakout [Atari FB3]	Half-Life [PC]	Borderlands 2 [PS4]	Dead Space 2 [PS3]	Silent Hill 4: The Room [PS2]	Burnout Legends [PSP]	Naruto Shippuden: Ultimate Ninja Storm 2 [PS3]	Fallout 4 [PS4]	Rayman Legends [PS4]	Metal Gear Solid: Peace Walker [PSP]	Death Stranding [PS4]	Metal Gear Solid 2: Sons of Liberty [PS2]	Warriors Orochi 4 [PS4]	Me & My Katamari [PSP]	Samurai Warriors 2 Empires [PS2]	Skate 3 [PS3]	Mario Party DS [NDS]	Fallout 4 [PS4]	Dark Souls II [PS3]			
	Metal Gear Solid: Peace Walker [PSP]		Rayman Legends [PS4]	Dead Space [PS3]	Death Stranding [PS4]	Saints Row IV [PS3]	Bioshock Infinite [PS3]	Bioshock [PS3]	Heavy Rain [PS3]	Earthbound [SNES Classic]	Super Mario RPG: Legend Of The Seven Stars [SNES Classic]	God of War II [PS2]	God of War II [PS2]	Baldur's Gate: Dark Alliance II [PS2]	Resident Evil - Code: Veronica X [PS2]	Half-Life 2 [PC]	Half-Life 2 [PC]	Tom Clancy's Rainbow Six [PS1]	Oddworld: Abe’s Oddysee [PS Classic]	Ratchet & Clank 2 [PS2]	Dark Souls II [PS3]	Death Stranding [PS4]	New Super Mario Bros. Wii [Wii]	Super Mario Maker [3DS]	New Super Mario Bros. [NDS]		Super Mario RPG: Legend Of The Seven Stars [SNES Classic]	Me & My Katamari [PSP]	Resistance: Burning Skies [VITA]	Adventure [Atari FB3]	Half-Life 2 [PC]	Half-Life [PC]	Dead Space [PS3]	Resident Evil 4 [PS2]	Burnout Dominator [PSP]	Naruto Shippuden: Ultimate Ninja Heroes 3 [PSP]	Fallout 3 Game of the Year Edition [PS3]	LocoRoco 2 [PSP]	Warriors Orochi [PS4]	Ratchet & Clank 2 [PS2]	Deus Ex: Human Revolution [PS3]	Warriors Orochi 3 [PS3]	Professor Layton and the Pandora's Box [NDS]	Kessen II [PS2]	Tony Hawk's Project 8 [PSP]	Buzz! Junior: Monster Rumble [PS2]	Fallout 3 Game of the Year Edition [PS3]	Bioshock [PS3]			
	Warriors Orochi [PSP]		LocoRoco 2 [PSP]	Odin Sphere [PS2]	Warriors Orochi 4 [PS4]	Resident Evil Revelations [PS3]	Kessen II [PS2]	Metal Gear Solid 2: Sons of Liberty [PS2]	Final Fantasy XIII [PS3]	Super Mario RPG: Legend Of The Seven Stars [SNES Classic]	Guilty Gear X2 #Reload [PC]	Jade Empire: Special Edition [PC]	Jade Empire: Special Edition [PC]	Skylanders: Giants [Wii]	Skylanders: Giants [Wii]	Burnout Revenge [PS2]	Burnout Revenge [PS2]	Toshinden 4 [PS1]	Mr Driller [PS Classic]	Ratchet & Clank 3 [PS2]	Bioshock [PS3]	Warriors Orochi 4 [PS4]	Skylanders: Giants [Wii]	New Super Mario Bros. 2 [3DS]	Professor Layton and the Pandora's Box [NDS]		Super Mario World 2: Yoshi's Island [SNES Classic]	Medievil Resurrection [PSP]		Outlaw [Atari FB3]	Jade Empire: Special Edition [PC]	Half-Life 2 [PC]	Resident Evil Revelations 2 [PS3]	Resident Evil Revelations [PS3]	Mario Kart DS [NDS]	Tekken 6 [PS3]	Bloodborne [PS4]	LocoRoco [PSP]	Red Dead Redemption [PS3]	Ratchet & Clank 3 [PS2]	Metal Gear Solid: Portable Ops [PSP]	God of War II [PS2]	Professor Layton and the Unwound Future [NDS]	Falling Skies: The Game [PS3]	Everybody's Tennis [PSP]	High School Musical: Sing It! [PS2]	Bloodborne [PS4]	Warriors Orochi 4 [PS4]			
	Dark Souls II [PS3]		Condemned 2: Bloodshot [PS3]	Yakuza [PS2]	Borderlands 2 [PS4]	Sleeping Dogs [PS3]	Uncharted 2: Among Thieves [PS3]	Fallout 3 [PS3]	DMC Devil May Cry [PS3]	Super Mario World 2: Yoshi's Island [SNES Classic]	Super Mario World 2: Yoshi's Island [SNES Classic]	Silent Hill: Origins [PSP]	Silent Hill: Origins [PSP]	Tom Clancy's Splinter Cell: Chaos Theory [PC]	Tom Clancy's Splinter Cell: Chaos Theory [PC]	Professor Layton and the Pandora's Box [NDS]	Professor Layton and the Pandora's Box [NDS]	In Cold Blood [PS1]	Tekken 3 [PS Classic]	Metal Gear Solid 2: Sons of Liberty [PS2]	Red Dead Redemption [PS3]	Borderlands 2 [PS4]	Rayman Origins [Wii]	Super Mario 3D Land [3DS]	Professor Layton and the Unwound Future [NDS]		Super Mario World [SNES Classic]	Grand Theft Auto: Chinatown Wars [PSP]		Aquaventure [Atari FB3]	Resident Evil 2 [PC]	Bioshock 2 [PS3]	Syphon Filter: Dark Mirror [PSP]	Dead Space 2 [PS3]	Burnout Paradise [PS3]	BlazBlue: Calamity Trigger [PS3]	Neverwinter Nights [PC]	New Super Mario Bros. Wii [Wii]	Death Stranding [PS4]	Medievil [PS4]	Dishonored [PS4]	DMC Devil May Cry [PS3]	Another Code: Two Memories [PSP]	Anno: Create a New World [NDS]	Pro Evolution Soccer 2010 [PSP]	Buzz! Junior: Jungle Party [PS2]	Neverwinter Nights [PC]	Yo-kai Watch [3DS]			
	2025 Best-Of																																																		
	Category: Game of the Year 2025 Winner	Category: Game of the Year 2025 Runner-Up	Category: Game of the Year 2025 Third Place	Category: Favourite Platinum 2025	Category: Co-op GOTY 2025	Category: Biggest Surprise 2025	Category: Biggest Dissapointment 2025	Category: Console of the Year 2025	Category: Best Non-English Game 2025	Category: Best Game Not Finished 2025	Category: Best Game in 🐥 Opinion 2025	Category: Best Game of Q1 2025	Category: Best Game of Q2 2025	Category: Best Game of Q3 2025	Category: Best Game of Q4 2025	Category: Most Memorable Moment 2025	Category: Best Cover Art 2025	Category: PS1 GOTY 2025	Category: PS Classic GOTY 2025	Category: PS2 GOTY 2025	Category: PS3 GOTY 2025	Category: PS4 GOTY 2025	Category: Wii GOTY 2025	Category: 3DS GOTY 2025	Category: DS GOTY 2025	Category: GCN GOTY 2025	Category: SNES Classic GOTY 2025	Category: PSP GOTY 2025	Category: VITA GOTY 2025	Category: Atari FB GOTY 2025	Category: PC GOTY 2025	Category: FPS GOTY 2025	Category: TPS GOTY 2025	Category: Horror GOTY 2025	Category: Racing Game GOTY 2025	Category: Fighting Game GOTY 2025	Category: RPG GOTY 2025	Category: Platformer GOTY 2025	Category: Action Game GOTY 2025	Category: Adventure Game GOTY 2025	Category: Stealth Game GOTY 2025	Category: Hack&Slash Game GOTY 2025	Category: Puzzle Game GOTY 2025	Category: Strategy Game GOTY 2025	Category: Sports Game GOTY 2025	Category: Party Game GOTY 2025	Category: Open World GOTY 2025	Category: Games from Slavica GOTY 2025		Highlights, Stats & Changes 2025	
																																																		Games Completed: 53  Games Bought: 173  Consoles Bought: Atari FlashBack 3, PS Vita  Moment of the Year Honorable Mentions: Fallout 4 Final Mission and Final Moments Deux Ex Namir Boss Fight LocoRoco2 - Mui Mui House Lu Bu Final Battle DW6 Beating Adventure II Bloodborne - First Boss Bloodborne - Blood-Starved Beast Bloodborne - Shadow of Yarhnam Death Stranding - Starting Walk Death Stranding - Finalizing Zip Line Rayman Legends - Castle Rock Silent Hill - Bathroom Scene Getting the Vita	
	Fallout 4 [PS4]	Silent Hill 2 [PS2]	Bloodborne [PS4]	MediEvil [PS4]	Rayman Legends [PS4]	Toukiden: The Age of Demons [VITA]	Brink [PS3]	PlayStation 4	Toukiden: The Age of Demons [VITA]	Midnight Club: Los Angeles [PS3]	Rayman Legends [PS4]	Fallout 4 [PS4]	Borderlands 2 [PS4]	Bloodborne [PS4]	Silent Hill 2 [PS2]	Silent Hill 2 - Final Letter	Condemned 2: Bloodshoot [PS3]	Tomb Raider III: Adventures of Lara Croft [PS1]	Metal Gear Solid [PS Classic]	Silent Hill 2 [PS2]	Deus Ex: Human Revolution [PS3]	Fallout 4 [PS4]	de Blob [Wii]	Super Mario 3D Land [3DS]	Star Wars: The Force Unleashed II [NDS]	NBA Street Vol. 2 [GCN]	The Legend of Zelda: A Link to the Past  [SNESc]	LocoRoco 2 [PSP]	Toukiden: The Age of Demons [VITA]	Adventure II [Atari FB3]	/	Borderlands 2 [PS4]	The Order 1886 [PS4]	Silent Hill 2 [PS2]	Midnight Club: Los Angeles [PS3]	Mortal Kombat XL [PS4]	Fallout 4 [PS4]	Rayman Legends [PS4]	Bloodborne [PS4]	Death Stranding [PS4]	Deus Ex: Human Revolution [PS3]	Warriors Orochi 4 [PS4]	Myth Makers: Orbs of Doom [PS2]	The History Channel: Great Battles of Rome [PS2]	Captain Tsubasa: Rise of New Champions [PS4]	Outlaw [Atari FB3]	Fallout 4 [PS4]	Silent Hill 2 [PS2]			
	2024 Best-Of																																																		
	Category: Game of the Year 2024 Winner	Category: Game of the Year 2024 Runner-Up	Category: Game of the Year 2024 Third Place	Category: Favourite Platinum 2024	Category: Co-op GOTY 2024	Category: Biggest Surprise 2024	Category: Biggest Dissapointment 2024	Category: Console of the Year 2024	Category: Best Non-English Game 2024	Category: Best Game Not Finished 2024	Category: Best Game in 🐥 Opinion 2024	Category: Best Game of Q1 2024	Category: Best Game of Q2 2024	Category: Best Game of Q3 2024	Category: Best Game of Q4 2024	Category: Most Memorable Moment 2024	Category: Best Cover Art 2024	Category: PS1 GOTY 2024	Category: PS Classic GOTY 2024	Category: PS2 GOTY 2024	Category: PS3 GOTY 2024	Category: PS4 GOTY 2024	Category: Wii GOTY 2024	Category: 3DS GOTY 2024	Category: DS GOTY 2024	Category: GCN GOTY 2024	Category: SNES Classic GOTY 2024	Category: PSP GOTY 2024	Category: VITA GOTY 2024	Category: Atari FB GOTY 2024	Category: PC GOTY 2024	Category: FPS GOTY 2024	Category: TPS GOTY 2024	Category: Horror GOTY 2024	Category: Racing Game GOTY 2024	Category: Fighting Game GOTY 2024	Category: RPG GOTY 2024	Category: Platformer GOTY 2024	Category: Action Game GOTY 2024	Category: Adventure Game GOTY 2024	Category: Stealth Game GOTY 2024	Category: Hack&Slash Game GOTY 2024	Category: Puzzle Game GOTY 2024	Category: Strategy Game GOTY 2024	Category: Sports Game GOTY 2024	Category: Party Game GOTY 2024	Category: Open World GOTY 2024	Category: Games from Slavica GOTY 2024		Highlights, Stats & Changes 2024	
																																																		Games Completed: 49  Games Bought: 105  Consoles Bought: GameCube (Kinda)  Moment of the Year Honorable Mentions: Murdered Soul Suspect Final Twist One Piece SP 2 Final Boss Fallout 3 GOTY - Final Room Cleaning Odin Sphere Fights - King Gallon and Levanthan  Uncharted 4 Ending Climbing Eiffel Tower - Saboteur  Kessen 3 Planning Song TOP ANGLER!	
	Fallout 3 Game of the Year Edition [PS3]	Kessen III [PS2]	The Last of Us [PS3]	The Walking Dead: Season 2 [PS3]	Link's Crossbow Training [Wii]	Army of Two: The 40th Day [PSP]	Burnout Dominator [PS2]	PlayStation 3	/	Burnout Dominator [PS2]	Uncharted 4: A Thief's End [PS4]	Fallout 3 Game of the Year Edition [PS3]	The Last of Us [PS3]	Samurai Warriors 2 Empires [PS2]	Kessen III [PS3]	Samurai Warriors 2 Empires - Slavica Rank 1 [PS2]	Odin Sphere [PS2]	/	Oddworld: Abe’s Oddysee [PS Classic]	Kessen III [PS2]	Fallout 3 Game of the Year Edition [PS3]	Uncharted 4: A Thief's End [PS4]	Samurai Warriors: Katana [Wii]	Yo-Kai Watch 2: Fleshy Souls [3DS]	Speed Racer: The Videogame [NDS]	NBA Street Vol. 2 [GCN]	/	Phantasy Star Portable [PSP]	/	/	/	Evolve [PS4]	Dead Space 2 [PS3]	Dead Space 2 [PS3]	Need for Speed: Most Wanted [PS3]	Mortal Kombat vs DC Universe [PS3]	Fallout 3 Game of the Year Edition [PS3]	Oddworld: Abe’s Oddysee [PS Classic]	The Last of Us [PS3]	The Last of Us [PS3]	Hitman 2: Silent Assassin [PS2]	Samurai Warriors 2 Empires [PS2]	James Noir's Hollywood Mystery 3D [3DS]	Kessen III [PS2]	Pro Evolution Soccer 2013 [PS3]	Fruit Machine Mania [PS2]	Fallout 3 Game of the Year Edition [PS3]	Yo-Kai Watch 2: Fleshy Souls [3DS]			
	2023 Best-Of																																																		
	Category: Game of the Year 2023 Winner	Category: Game of the Year 2023 Runner-Up	Category: Game of the Year 2023 Third Place	Category: Favourite Platinum 2023	Category: Co-op GOTY 2023	Category: Biggest Surprise 2023	Category: Biggest Dissapointment 2023	Category: Console of the Year 2023	Category: Best Non-English Game 2023	Category: Best Game Not Finished 2023	Category: Best Game in 🐥 Opinion 2023	Category: Best Game of Q1 2023	Category: Best Game of Q2 2023	Category: Best Game of Q3 2023	Category: Best Game of Q4 2023	Category: Most Memorable Moment 2023	Category: Best Cover Art 2023	Category: PS1 GOTY 2023	Category: PS Classic GOTY 2023	Category: PS2 GOTY 2023	Category: PS3 GOTY 2023	Category: PS4 GOTY 2023	Category: Wii GOTY 2023	Category: 3DS GOTY 2023	Category: DS GOTY 2023	Category: GCN GOTY 2023	Category: SNES Classic GOTY 2023	Category: PSP GOTY 2023	Category: VITA GOTY 2023	Category: Atari FB GOTY 2023	Category: PC GOTY 2023	Category: FPS GOTY 2023	Category: TPS GOTY 2023	Category: Horror GOTY 2023	Category: Racing Game GOTY 2023	Category: Fighting Game GOTY 2023	Category: RPG GOTY 2023	Category: Platformer GOTY 2023	Category: Action Game GOTY 2023	Category: Adventure Game GOTY 2023	Category: Stealth Game GOTY 2023	Category: Hack&Slash Game GOTY 2023	Category: Puzzle Game GOTY 2023	Category: Strategy Game GOTY 2023	Category: Sports Game GOTY 2023	Category: Party Game GOTY 2023	Category: Open World GOTY 2023	Category: Games from Slavica GOTY 2023		Highlights, Stats & Changes 2023	
																																																		Games Completed: 54  Games Bought: 131  Consoles Bought: PS2 Fat, PS4, PS Classic  Moment of the Year Honorable Mentions: Dark Souls II - First Boss Dark Souls II - Final Boss Warriors Haul Unboxing Carnival Games Mini Golf - Final Hole Victory Red Dead Redemption - Ending Silent Hill 4: The Room - Room Becoming Alive Revelations: Persona - Final Boss  Ratings Changes: Assassin's Creed: Bloodlines | 79->75 Grand Theft Auto: Chinatown Wars | 89->88 New Super Mario Bros. DS | 88->83 Untold Legends: The Warriors Code | 79->72.5 Star Wars: Battlefront | 71->69.5	
	Dark Souls II [PS3]	Red Dead Redemption [PS3]	Warriors Orochi 3 [PS3]	Sleeping Dogs [PS3]	Resident Evil: Umbrella Chronicles [Wii]	Everybody's Tennis [PSP]	Dead Rising 2: Off the Record [PS3]	PlayStation 3	Samurai Warriors [PS2]	Onimusha: Warlords [PS2]	Sleeping Dogs [PS3]	Dark Souls II [PS3]	Silent Hill 4: The Room [PS2]	Resident Evil 4 [PS2]	Red Dead Redemption [PS3]	Extermination - Final Boss [PS2]	Silent Hill 4: The Room [PS2]	/	Revelations: Persona [PS Classic]	Silent Hill 4: The Room [PS2]	Dark Souls II [PS3]	DIshonored [PS4]	Resident Evil: Umbrella Chronicles [Wii]	Super Mario Maker [3DS]	Scurge: Hive [NDS]		/	Locoroco [PSP]	/	/	/	Borderlands [PS3]	Destroy All Humans! [PS2]	Silent Hill 4: The Room [PS2]	Mario Kart Wii [Wii]	BlazBlue: Calamity Trigger [PS3]	Dark Souls II [PS3]	Locoroco [PSP]	Red Dead Redemption [PS3]	Red Dead Redemption [PS3]	Dishonored [PS4]	Warriors Orochi 3 [PS3]	Mr Driller [PS Classic]	Tom Clancy's EndWar [PSP]	Everybody's Tennis [PSP]	High School Musical: Sing It! [PS2]	Dark Souls II [PS3]	Dark Souls II [PS3]			
	2022 Best-Of																																																		
	Category: Game of the Year 2022 Winner	Category: Game of the Year 2022 Runner-Up	Category: Game of the Year 2022 Third Place	Category: Favourite Platinum 2022	Category: Co-op GOTY 2022	Category: Biggest Surprise 2022	Category: Biggest Dissapointment 2022	Category: Console of the Year 2022	Category: Best Non-English Game 2022	Category: Best Game Not Finished 2022	Category: Best Game in 🐥 Opinion 2022	Category: Best Game of Q1 2022	Category: Best Game of Q2 2022	Category: Best Game of Q3 2022	Category: Best Game of Q4 2022	Category: Most Memorable Moment 2022	Category: Best Cover Art 2022	Category: PS1 GOTY 2022	Category: PS Classic GOTY 2022	Category: PS2 GOTY 2022	Category: PS3 GOTY 2022	Category: PS4 GOTY 2022	Category: Wii GOTY 2022	Category: 3DS GOTY 2022	Category: DS GOTY 2022	Category: GCN GOTY 2022	Category: SNES Classic GOTY 2022	Category: PSP GOTY 2022	Category: VITA GOTY 2022	Category: Atari FB GOTY 2022	Category: PC GOTY 2022	Category: FPS GOTY 2022	Category: TPS GOTY 2022	Category: Horror GOTY 2022	Category: Racing Game GOTY 2022	Category: Fighting Game GOTY 2022	Category: RPG GOTY 2022	Category: Platformer GOTY 2022	Category: Action Game GOTY 2022	Category: Adventure Game GOTY 2022	Category: Stealth Game GOTY 2022	Category: Hack&Slash Game GOTY 2022	Category: Puzzle Game GOTY 2022	Category: Strategy Game GOTY 2022	Category: Sports Game GOTY 2022	Category: Party Game GOTY 2022	Category: Open World GOTY 2022	Category: Games from Slavica GOTY 2022		Highlights, Stats & Changes 2022	
																																																		 Games Completed: 46  Games Bought: 124  Consoles Bought: 3DS, Zelda Game&Watch  Multiple GOTM Winners: Kingdoms of Amalur: Reckoning [PS3]	
	Kingdoms of Amalur: Reckoning [PS3]	Yo-kai Watch [3DS]	Saints Row IV [PS3]	Falling Skies: The Game [PS3]	Motorstorm: Pacific Rift [PS3]	Falling Skies: The Game [PS3]	Devil May Cry [PS2]	PlayStation 3	/	Street Fighter IV [PS3]	Kingdoms of Amalur: Reckoning [PS3]	Kingdoms of Amalur: Reckoning [PS3]	Metal Gear Solid 4: Guns of the Patriots [PS3]	Saints Row IV [PS3]	Yo-kai Watch [3DS]	Final Gold - MotorStorm: Pacific Rift [PS3]	Final Fantasy XII [PS2]	/	/	Thrillville: Off The Rails [PS2]	Kingdom of Amalur: Reckoning [PS3]	/	Wii Fit Plus [Wii]	Yo-kai Watch [3DS]	Lost in Blue 3	/	/	Championship Manager [PSP]	/	/	/	Bioshock Infinite [PS3]	Resident Evil Revelations [PS3]	Resident Evil Revelations [PS3]	Need for Speed: The Run [PS3]	Tekken 6 [PS3]	Kingdoms of Amalur: Reckoning [PS3]	New Super Mario Bros. 2 [3DS]	Kingdoms of Amalur: Reckoning [PS3]	Saints Row IV [PS3]	Metal Gear Solid 4: Guns of the Patriots [PS3]	Devil May Cry [PS2]	The Da Vinci Code [PS2]	Falling Skies: The Game [PS3]	SSX On Tour [PS2]	Buzz! Junior: Monster Rumble [PS2]	Kingdoms of Amalur: Reckoning [PS3]	Yo-Kai Watch [3DS]			
	2021 Best-Of																																																		
	Category: Game of the Year 2021 Winner	Category: Game of the Year 2021 Runner-Up	Category: Game of the Year 2021 Third Place	Category: Favourite Platinum 2021	Category: Co-op GOTY 2021	Category: Biggest Surprise 2021	Category: Biggest Dissapointment 2021	Category: Console of the Year 2021	Category: Best Non-English Game 2021	Category: Best Game Not Finished 2021	Category: Best Game in 🐥 Opinion 2021	Category: Best Game of Q1 2021	Category: Best Game of Q2 2021	Category: Best Game of Q3 2021	Category: Best Game of Q4 2021	Category: Most Memorable Moment 2021	Category: Best Cover Art 2021	Category: PS1 GOTY 2021	Category: PS Classic GOTY 2021	Category: PS2 GOTY 2021	Category: PS3 GOTY 2021	Category: PS4 GOTY 2021	Category: Wii GOTY 2021	Category: 3DS GOTY 2021	Category: DS GOTY 2021	Category: GCN GOTY 2021	Category: SNES Classic GOTY 2021	Category: PSP GOTY 2021	Category: VITA GOTY 2021	Category: Atari FB GOTY 2021	Category: PC GOTY 2021	Category: FPS GOTY 2021	Category: TPS GOTY 2021	Category: Horror GOTY 2021	Category: Racing Game GOTY 2021	Category: Fighting Game GOTY 2021	Category: RPG GOTY 2021	Category: Platformer GOTY 2021	Category: Action Game GOTY 2021	Category: Adventure Game GOTY 2021	Category: Stealth Game GOTY 2021	Category: Hack&Slash Game GOTY 2021	Category: Puzzle Game GOTY 2021	Category: Strategy Game GOTY 2021	Category: Sports Game GOTY 2021	Category: Party Game GOTY 2021	Category: Open World GOTY 2021	Category: Games from Slavica GOTY 2021		Highlights, Stats & Changes 2021	
																																																		 Games Completed: 40  Games Bought: 78  Consoles Bought: DS Lite	
	Bully [PS2]	MadWorld [Wii]	Cursed Mountain [Wii]	/	Wild Earth: African Safari [Wii]	Anno: Create a New World [NDS]	Scribblenauts [NDS]	Nintendo Wii	Dino Crisis [PS1]	Metroid Prime 3: Corruption [Wii]	Cursed Mountain [Wii]	Pokemon White [NDS]	Resistance: Fall of Man [PS3]	Madworld [Wii]	Bully [PS2]	Beating Frank on Video - MadWorld [Wii]	Bioshock Infinite [PS3]	Dino Crisis [PS1]	/	Bully [PS2]	Darksiders II [PS3]	/	MadWorld [Wii]	/	Pokemon White [NDS]	/	/	Star Wars: The Force Unleashed [PSP]	/	/	/	Resistance: Fall of Man [PS3]	Wet [PS3]	Cursed Mountain [Wii]	Jak X: Combat Racing [PS2]	Naruto Shippuden: Ultimate Ninja Storm 2 [PS3]	Key of Heaven [PSP]	Rayman Origins [Wii]	Bully [PS2]	Bully [PS2]	Manhunt 2 [PS2]	MadWorld [Wii]	Mahjongg DS [NDS]	Kessen II [PS2]	Pro Evolution Soccer 2010 [PS3]	Just Dance 3 [Wii]	Bully [PS2]	Pokemon White [NDS]			
	2020 Best-Of																																																		
	Category: Game of the Year 2020 Winner	Category: Game of the Year 2020 Runner-Up	Category: Game of the Year 2020 Third Place	Category: Favourite Platinum 2020	Category: Co-op GOTY 2020	Category: Biggest Surprise 2020	Category: Biggest Dissapointment 2020	Category: Console of the Year 2020	Category: Best Non-English Game 2020	Category: Best Game Not Finished 2020	Category: Best Game in 🐥 Opinion 2020	Category: Best Game of Q1 2020	Category: Best Game of Q2 2020	Category: Best Game of Q3 2020	Category: Best Game of Q4 2020	Category: Most Memorable Moment 2020	Category: Best Cover Art 2020	Category: PS1 GOTY 2020	Category: PS Classic GOTY 2020	Category: PS2 GOTY 2020	Category: PS3 GOTY 2020	Category: PS4 GOTY 2020	Category: Wii GOTY 2020	Category: 3DS GOTY 2020	Category: DS GOTY 2020	Category: GCN GOTY 2020	Category: SNES Classic GOTY 2020	Category: PSP GOTY 2020	Category: VITA GOTY 2020	Category: Atari FB GOTY 2020	Category: PC GOTY 2020	Category: FPS GOTY 2020	Category: TPS GOTY 2020	Category: Horror GOTY 2020	Category: Racing Game GOTY 2020	Category: Fighting Game GOTY 2020	Category: RPG GOTY 2020	Category: Platformer GOTY 2020	Category: Action Game GOTY 2020	Category: Adventure Game GOTY 2020	Category: Stealth Game GOTY 2020	Category: Hack&Slash Game GOTY 2020	Category: Puzzle Game GOTY 2020	Category: Strategy Game GOTY 2020	Category: Sports Game GOTY 2020	Category: Party Game GOTY 2020	Category: Open World GOTY 2020	Category: Games from Slavica GOTY 2020		Highlights, Stats & Changes 2020	
																																																		Games Completed: 34  Games Bought: 43  Multiple GOTM Winners: Warriors Orochi [PSP]	
	Fallout: New Vegas [PS3]	Warriors Orochi [PSP]	Bioshock [PS3]	Lightning Returns: Final Fantasy XIII [PS3]	Resident Evil 6 [PS3]	Dungeon Siege 3 [PS3]	Turok [PS3]	PlayStation 3	Warriors Orochi [PS3]	Uncharted 3: Drake's Deception [PS3]	/	Lightning Returns: Final Fantasy XIII [PS3]	Final Fantasy XIII [PS3]	Fallout: New Vegas [PS3]	Warriors Orochi [PSP]	First Platinum - Lightning Returns: Final Fantasy XII [PS3]	Fallout 3 [PS3]	/	/	Metal Gear Solid 2: Sons of Liberty [PS2]	Fallout: New Vegas [PS3]	/	/	/	Harvest Fishing [NDS]	/	/	Warriors Orochi [PSP]	/	/	/	Bioshock [PS3]	Resident Evil 6 [PS3]	Resident Evil 6 [PS3]	Gran Turismo 5 [PS3]	One Piece Grand Adventure [PS2]	Fallout: New Vegas [PS3]	LittleBigPlanet 2 [PS3]	Warriors Orochi [PSP]	Batman: Arkham City [PS3]	Metal Gear Solid 2: Sons of Liberty [PS2]	Warriors Orochi [PSP]	/	Tom Clancy's Rainbow Six: Vegas 2 [PS3]	Virtua Tennis 3 [PS3]	/	Fallout: New Vegas [PS3]	Bioshock [PS3]			
	2019 Best-Of																																																		
	Category: Game of the Year 2019 Winner	Category: Game of the Year 2019 Runner-Up	Category: Game of the Year 2019 Third Place	Category: Favourite Platinum 2019	Category: Co-op GOTY 2019	Category: Biggest Surprise 2019	Category: Biggest Dissapointment 2019	Category: Console of the Year 2019	Category: Best Non-English Game 2019	Category: Best Game Not Finished 2019	Category: Best Game in 🐥 Opinion 2019	Category: Best Game of Q1 2019	Category: Best Game of Q2 2019	Category: Best Game of Q3 2019	Category: Best Game of Q4 2019	Category: Most Memorable Moment 2019	Category: Best Cover Art 2019	Category: PS1 GOTY 2019	Category: PS Classic GOTY 2019	Category: PS2 GOTY 2019	Category: PS3 GOTY 2019	Category: PS4 GOTY 2019	Category: Wii GOTY 2019	Category: 3DS GOTY 2019	Category: DS GOTY 2019	Category: GCN GOTY 2019	Category: SNES Classic GOTY 2019	Category: PSP GOTY 2019	Category: VITA GOTY 2019	Category: Atari FB GOTY 2019	Category: PC GOTY 2019	Category: FPS GOTY 2019	Category: TPS GOTY 2019	Category: Horror GOTY 2019			Category: RPG GOTY 2019	Category: Platformer GOTY 2019	Category: Action Game GOTY 2019	Category: Adventure Game GOTY 2019	Category: Stealth Game GOTY 2019	Category: Hack&Slash Game GOTY 2019	Category: Puzzle Game GOTY 2019	Category: Strategy Game GOTY 2019	Category: Sports Game GOTY 2019	Category: Party Game GOTY 2019	Category: Open World GOTY 2019	Category: Games from Slavica GOTY 2019		Highlights, Stats & Changes 2019	
																																																		Games Completed: 28  Games Bought: 57  Consoles Bought: PS3  Multiple GOTM Winners: Innocent Life [PSP] Metal Gear Solid: Peacewalker [PSP]	
	Metal Gear Solid: Peacewalker [PSP]	Heavy Rain [PS3]	DMC Devil May Cry [PS3]	/	Resident Evil 5 [PS3]	Alone in the Dark: Inferno [PS3]	Metal Gear Ac!d [PSP]	PlayStation 3	Pokémon Mystery Dungeon: Blue Rescue Team [NDS]	Metal Gear Ac!d [PSP]	/	Devil May Cry 3 Special Edition [PS2]	Metal Gear Solid: Peacewalker [PSP]	DMC Devil May Cry [PS3] 	L.A. Noire [PS3]	First Step in Mojave Desert - Fallout: New Vegas [PS3]	Lightning Returns: Final Fantasy XIII [PS3]	/	/	Devil May Cry 3 Special Edition [PS2]	Heavy Rain [PS3]	/	/	/	Pokémon Mystery Dungeon: Blue Rescue Team [NDS]	/	Earthbound [SNES Classic]	Metal Gear Solid: Peacewalker [PSP]	/	/	/	The Darkness [PS3]	Resident Evil 5 [PS3]	Alone in the Dark: Inferno [PS3]	Burnout Paradise [PS3]	Naruto: Ultimate Ninja Heroes 2 [PSP]	Earthbound [SNES Classic]	LittleBigPlanet [PSP]	Metal Gear Solid: Peacewalker [PSP]	Heavy Rain [PS3]	Metal Gear Solid: Peacewalker [PSP]	DMC Devil May Cry [PS3]	Professor Layton and the Curious Village [NDS]	Metal Gear Ac!d [PSP]	/	Mario Party DS [DS]	L.A. Noire [PS3]	DMC Devil May Cry [PS3]			
																																																			-