Septebmber 2026					
			Far Cry 4	PS4	✅
			Far Cry 4	PS3	✅
			For Honor	PS4	✅
			Harvest Moon: Mad Dash	PS4	
			One Piece: Pirate Warriors 2	PS3	✅
			Time Crisis 4	PS3	
					
					
					
					
					
					
					
					
					
					
					
					
					
					
					
					
August 2026					
			Sega Mega Drive Ultimate Collection	PS3	➖
			Monsters & Aliens	PS3	✅
			Leisure Suit Larry: Magna Cum Laude	PS2	⏳
			Mario Kart 7	3DS	✅
			Mystery Tales: Time Travel	NDS	✅
			Far Cry 4	PS4	⏳
					
					
					
					
					
					
					
					
					
					
					
					
					
					
Borderlands: The Pre-Sequel!	PS4	✅	Completed: 4	Bought: 9	
					
July 2026					
			Devil May Cry 2	PS2	✅
			Silent Hill 3 HD	PS3	✅
			Dishonored: Death of the Outsider	PS4	✅
			Platinum Sudoku	3DS	➖
			Pinball Hall of Fame 3D	3DS	➖
			Driver: Renegade 3D	3DS	✅
			Borderlands: The Pre-Sequel!	PS4	⏳
					
					
					
					
					
					
					
					
					
					
					
					
					
Minecraft	VITA	⏳	Completed: 4	Bought: 34	
					
June 2026					
			God of War: Ascension	PS3	✅
			Pro Yakyuu Spirits 2015	VITA	➖
			Wild Wild Racing	PS2	✅
			X Squad	PS2	✅
			Watch Dogs	PS3	✅
			Devil May Cry 2	PS2	⏳
					
					
					
					
					
					
					
					
					
					
					
					
					
					
Taiko no Tatsujin: V Version	VITA	✅	Completed: 5	Bought: 2	
					
May 2026					
			The Council	PS4	✅
			Deadlight	PS4	✅
			Nobunaga's Ambition: Taishi	PS4	⏳
			SingStar 90s	PS2	➖
			Freedom Wars	VITA	⏳
					
					
					
					
					
					
					
					
					
					
					
					
					
					
					
Ghost of Tsushima	PS4	✅	Completed: 3	Bought: 7	
					
April 2026					
			Unreal Tournament	PS2	✅
			Max Payne 3	PS3	✅
			Dead or Alive 2	PS2	⏳
			Mario Party: Island Tour	3DS	✅
			Red Faction: Armageddon	PS3	✅
			Fuel	PS3	⏳
			Stuntman	PS2	⏳
					
					
					
					
					
					
					
					
					
					
					
					
					
Headhunter Redemption	PS2	✅	Completed: 5	Bought: 19	
					
March 2026					
			Devil May Cry 5	PS4	✅
			RAGE 2	PS4	✅
			Assassin's Creed III Liberation	VITA	✅
					
					
					
					
					
					
					
					
					
					
					
					
					
					
					
					
					
Batman: Arkham Knight	PS4	✅	Completed: 4	Bought: 4	
					
February 2026					
			Cubic Ninja	3DS	✅
			Dante's Inferno	PSP	✅
			Dynasty Warriors 6 Empires	PS3	✅
			Touch My Katamari	VITA	✅
			Binary Domain	PS3	✅
			Devil May Cry 5	PS4	⏳
					
					
					
					
					
					
					
					
					
					
					
					
					
					
NBA 2K12	PS3	➖	Completed: 5	Bought: 1	
					
January 2026					
			The Evil Within	PS4	✅
			Virtua Fighter 5	PS3	✅
			Ninja Gaiden Sigma 2	PS3	⏳
			TimeShift	PS3	✅
			Saints Row 2	PS3	✅
			Portal	PS3	✅
			Red Faction: Guerilla 	PS3	✅
			Naruto: Ninja Council - European Version	NDS	⏳
			Cubic Ninja	3DS	⏳
					
					
					
					
					
					
					
					
					
					
					
Just Cause 2	PS3	✅	Completed: 7	Bought: 14	
					
December 2025					
			Metal Gear Solid	PS Classic	✅
			Tomb Raider III: Adventures of Lara Croft	PS1	⏳
			NBA Street Vol. 2	GCN	➖
			Little Battlers eXperience	3DS	✅
			Uncharted: Golden Abyss	VITA	✨
			Resistance: Burning Skies	VITA	✨
			Surround	Atari FB3	➖
			Centipede	Atari FB3	➖
			Fatal Run	Atari FB3	➖
					
					
					
					
					
					
					
					
					
					
					
Toukiden: The Age of Demons	VITA	✅	Completed: 3	Bought: 23	
					
November 2025					
			de Blob	Wii	✅
			DIshonored 2	PS4	✅
			The Legend of Zelda: A Link to the Past 	SNESc	✅
			Little Battlers eXperience	3DS	⏳
			Uncharted: Golden Abyss	VITA	✅
			Resistance: Burning Skies	VITA	✅
					
					
					
					
					
					
					
					
					
					
					
					
					
					
Persona 5 Strikers	PS4	✅	Completed: 6	Bought: 8	
					
October 2025					
			F.E.A.R. 2	PS3	✅
			Captain Tsubasa: Rise of New Champions	PS4	✅
			Uncharted: The Lost Legacy	PS4	✅
			InFamous	PS3	✅
			Dissidia Final Fantasy NT	PS4	⏳
			Brothers in Arms: Earned in Blood	PS2	⏳
			The Order 1886	PS4	✅
			Bulletstorm	PS3	✅
			de Blob	Wii	⏳
					
					
					
					
					
					
					
					
					
					
					
Silent Hill 2	PS2	✅	Completed: 7	Bought: 17	
					
September 2025					
			Batman: Arkham Origins	PS3	✅
			The Darkness II	PS3	✅
			Juiced 2: Hot Import Nights	PS3	⏳
			Little Battlers eXperience	3DS	⏳
			The History Channel: Great Battles of Rome	PS2	⏳
			F.E.A.R. 2	PS3	⏳
					
					
					
					
					
					
					
					
					
					
					
					
					
					
Rayman Legends	PS4	✅	Completed: 3	Bought: 3	
					
August 2025					
			Super Mario 3D Land	3DS	✅
			MotorStorm: Arctic Edge	PSP	⏳
			Abzu	PS4	✅
			Sonic & Sega All-Stars Racing	PS3	✅
			Transformers	PS2	✅
			Syndicate	PS3	✅
			Batman: Arkham Origins	PS3	⏳
			Minecraft	PS3	⏳
					
					
					
					
					
					
					
					
					
					
					
					
Warriors Orochi 4	PS4	✅	Completed: 6	Bought: 4	
					
July 2025					
			Mortal Kombat XL	PS4	✅
			Super Mario 3D Land	3DS	⏳
			Metro 2033 Redux	PS4	✅
			Death Stranding	PS4	✅
			Myth Makers: Orbs of Doom	PS2	⏳
			NBA 2K11	PS2	➖
					
					
					
					
					
					
					
					
					
					
					
					
					
					
Bloodborne	PS4	✅	Completed: 4	Bought: 14	
					
June 2025					
			Grand Theft Auto: Episodes from Liberty City	PS3	✅
			One Piece: Romance Dawn	3DS	⏳
			Yoshi's New Island	3DS	✅
			Medievil	PS4	✅
			Hidden Agenda	PS4	✅
			Mortal Kombat XL	PS4	⏳
					
					
					
					
					
					
					
					
					
					
					
					
					
					
Borderlands 2	PS4	✅	Completed: 5	Bought: 12	
					
May 2025					
			Turning Point: Fall of Liberty	PS3	✅
			3D Tic-Tac-Toe	Atari FB3	➖
			Adventure	Atari FB3	✅
			Adventure 2	Atari FB3	✅
			Assassins Creed III	PS3	✅
			Hangman	Atari FB3	➖
			Video Pinball	Atari FB3	➖
			Circus Atari	Atari FB3	➖
			Aquaventure	Atari FB3	➖
			Championship Soccer	Atari FB3	➖
			Air-Sea Battle	Atari FB3	➖
			Video Checkers	Atari FB3	➖
			Yar's Revenge	Atari FB3	➖
			Super Breakout	Atari FB3	➖
			Night Driver	Atari FB3	➖
			Grand Theft Auto: Episodes from Liberty City	PS3	⏳
			Outlaw	Atari FB3	➖
					
					
					
Dynasty Warriors 6	PS3	✅	Completed: 5	Bought: 61	
					
April 2025					
			Condemned 2: Bloodshot	PS3	✅
			Midnight Club: Los Angeles	PS3	⏳
			LocoRoco 2	PSP	✅
			Prototype	PS3	✅
			Singularity	PS3	✅
			LittleBigPlanet	PS3	⏳
					
					
					
					
					
					
					
					
					
					
					
					
					
					
Deus Ex: Human Revolution 	PS3	✅	Completed: 5	Bought: 6	
					
March 2025					
			XIII	PS2	✅
			Seek and Destroy	PS2	✅
			Underworld: The Eternal War	PS2	✅
			One Piece: Romance Dawn	3DS	⏳
			Star Trek	PS3	✅
			Condemned 2: Bloodshot	PS3	⏳
					
					
					
					
					
					
					
					
					
					
					
					
					
					
Tomb Raider	PS3	✅	Completed: 5	Bought: 8	
					
February 2025					
			Outlaw Golf	PS2	➖
			Neverdead	PS3	✅
			Star Wars: The Force Unleashed II	NDS	✅
			One Piece: Romance Dawn	3DS	⏳
			XIII	PS2	⏳
					
					
					
					
					
					
					
					
					
					
					
					
					
					
					
Medal of Honor: Frontline	PS2	✅	Completed: 3	Bought: 17	
					
January 2025					
			Super Monkey Ball Adventure	PSP	⏳
			Brink	PS3	⏳
					
					
					
					
					
					
					
					
					
					
					
					
					
					
					
					
					
					
Fallout 4	PS4	✅	Completed: 1	Bought: 0	
					
December 2024					
			Rayman	PS Classic	✅
			Jumping Flash	PS Classic	✅
			Strike Force Bowling	PS2	➖
			Top Angler	PS2	➖
			Risk: Global Domination	PS2	➖
			Fruit Machine Mania	PS2	➖
			Pro Evolution Soccer 2013	PS3	➖
			Fifa Street	PS3	➖
			Mortal Kombat vs DC Universe	PS3	✅
					
					
					
					
					
					
					
					
					
					
					
Diablo III	PS3	✅	Completed: 4	Bought: 25	
					
November 2024					
			Batman: Arkham Origins - Blackgate	3DS	✅
			Link's Crossbow Training	Wii	✅
			Oddworld: Abe’s Oddysee	PS Classic	✅
			Ridge Racer Type 4	PS Classic	✅
			Tom Clancy’s Rainbow Six	PS Classic	✅
			Rayman	PS Classic	⏳
					
					
					
					
					
					
					
					
					
					
					
					
					
					
Kessen III	PS2	✅	Completed: 6	Bought: 4	
					
October 2024					
			Dead Space 2	PS3	✅
			Dead Space 3	PS3	✅
			LOST	PS3	✅
			Zone of the Enders: The 2nd Runner	PS2	✅
			Burnout Dominator	PS2	⏳
			Batman: Arkham Origins - Blackgate	3DS	⏳
					
					
					
					
					
					
					
					
					
					
					
					
					
					
The Saboteur	PS3	✅	Completed: 5	Bought: 1	
					
September 2024					
			Dead Space	PS3	✅
			Speed Racer: The Videogame	NDS	✅
			X-Men: The Official Game	NDS	✅
			Pro Evolution Soccer 2011 3D	3DS	➖
			James Noir's Hollywood Mystery 3D	3DS	✅
			Batman: Arkham Origins - Blackgate	3DS	⏳
			Dead Space 2	PS3	⏳
			NBA Street Vol. 2	GCN	➖
					
					
					
					
					
					
					
					
					
					
					
					
Yo-Kai Watch 2: Fleshy Souls	3DS	✅	Completed: 5	Bought: 32	
					
August 2024					
			Yakuza	PS2	✅
			Lego Pirates of the Caribbean: The Video Game	Wii	✅
			Samurai Warriors: Katana	Wii	✅
			Dead Space	PS3	⏳
					
					
					
					
					
					
					
					
					
					
					
					
					
					
					
					
Uncharted 3: Drake's Deception 	PS3	✅	Completed: 4	Bought: 2	
					
July 2024					
			LEGO Marvel Super Heroes: Universe in Peril	3DS	✅
			Hitman 2: Silent Assassin	PS2	⏳
			Whiplash	PS2	⏳
			Pool Paradise	PS2	➖
			50 Cent: Bulletproof	PS2	✅
			Psyvariar	PS2	✅
			Samurai Warriors 2 Empires	PS2	✅
			Yakuza	PS2	⏳
					
					
					
					
					
					
					
					
					
					
					
					
Need for Speed: Most Wanted	PS2	⏳	Completed: 4	Bought: 7	
					
June 2024					
			Phantasy Star Portable	PSP	✅
			Samurai Warriors 2	PS2	✅
			Blood Bowl	NDS	➖
			LEGO Marvel Super Heroes: Universe in Peril	3DS	⏳
			Evolve	PS4	✅
			Uncharted 4: A Thief's End	PS4	✅
			NBA 08	PS2	➖
					
					
					
					
					
					
					
					
					
					
					
					
					
Odin Sphere	PS2	✅	Completed: 5	Bought: 4	
					
May 2024					
			The Last of Us	PS3	✅
			Lumines	PSP	➖
			Smash Court Tennis 3	PSP	➖
			FIFA 09	PSP	➖
			Samurai Warriors 2	PS2	⏳
			Bayonetta	PS3	✅
			Odin Sphere	PS2	⏳
					
					
					
					
					
					
					
					
					
					
					
					
					
Phantasy Star Portable	PSP	⏳	Completed: 2	Bought: 21	
					
April 2024					
			Fallout 3 Game of the Year Edition	PS3	✨
			Codename S.T.E.A.M.	3DS	⏳
			Samurai Warriors 2	PS2	⏳
			Need for Speed: Most Wanted	PS3	✨
			The Walking Dead: Season 2	PS3	✅
			PlayStation All-Stars Battle Royale	PS3	✅
			Lumines	PSP	➖
			The Last of Us	PS3	⏳
					
					
					
					
					
					
					
					
					
					
					
					
Middle-earth: Shadow of Mordor	PS3	✅	Completed: 3	Bought: 6	
					
March 2024					
			Need for Speed: Most Wanted	PS3	✅
			Call of Duty 2: Big Red One	PS2	✅
			Samurai Warriors 2	PS2	⏳
			Army of Two: The 40th Day	PSP	✅
			Grand Theft Auto IV	PS3	✨
			Ratchet: Gladiator	PS2	✅
			Alone in the Dark: The New Nightmare	PS2	⏳
					
					
					
					
					
					
					
					
					
					
					
					
					
Fallout 3 Game of the Year Edition	PS3	✅	Completed: 5	Bought: 3	
					
February 2024					
			Resident Evil Revelations 2	PS3	✨
			Grand Theft Auto IV	PS3	✅
			Samurai Warriors 2	PS2	⏳
			Murdered: Soul Suspect	PS3	✅
			Anarchy Reigns	PS3	✅
			Army of Two: The 40th Day	PSP	⏳
					
					
					
					
					
					
					
					
					
					
					
					
					
					
One Piece: Unlimited Cruise SP 2	3DS	✅	Completed: 4	Bought: 0	
					
January 2024					
			The Amazing Spider-Man 	3DS	⏳
			Samurai Warriors 2	PS2	⏳
			Resident Evil Revelations 2	PS3	✨
			One Piece: Unlimited Cruise SP 2	3DS	⏳
			Kingdom Hearts Final Mix	PS3	✅
					
					
					
					
					
					
					
					
					
					
					
					
					
					
					
Castlevania: Lords of Shadow	PS3	✅	Completed: 2	Bought: 0	
					
December 2023					
			Revelations: Persona	PS Classic	✅
			Need for Speed Underground: Rivals	PSP	⏳
			Call of Duty: Black Ops III	PS3	➖
			Virtua Tennis 2009	PS3	➖
			UFC Undisputed 3	PS3	➖
			FIFA 08	PSP	➖
			Sims 2 Pets	PSP	➖
			Buzz!: The Music Quiz	PS2	➖
			Intelligent Qube	PS Classic	✅
			FIFA 08	PS2	➖
			Command & Conquer: Red Alert 3	PS3	⏳
			Mario Tennis Open	3DS	✅
					
					
					
					
					
					
					
					
Call of Duty: Modern Warfare 2	PS3	✅	Completed: 4	Bought: 19	
					
November 2023					
			Red Dead Redemption: Undead Nightmare	PS3	✅
			One Piece: Pirate Warriors	PS3	✨
			Dante's Inferno	PS3	✨
			Just Dance 2	Wii	➖
			Dead Rising 2: Off the Record	PS3	✅
			LEGO Movie: The VideoGame	3DS	✅
			Super Puzzle Fighter II Turbo	PS Classic	➖
			Battle Arena Toshinden	PS Classic	✅
			Destruction Derby	PS Classic	➖
			Mr Driller	PS Classic	✅
			Silent Hill: Homecoming	PS3	✅
			Ridge Racer Type 4	PS Classic	⏳
			Tekken 3	PS Classic	✅
			Intelligent Qube	PS Classic	⏳
			Twisted Metal	PS Classic	✅
			Red Dead Redemption	PS3	✨
			Cool Boarders 2	PS Classic	➖
			Jak 3	PS2	⏳
			Need for Speed Underground: Rivals	PSP	⏳
					
Revelations: Persona	PS Classic	⏳	Completed: 8	Bought: 21	
					
October 2023					
			Beyond: Two Souls	PS3	✅
			Star Wars: The Clone Wars – Republic Heroes	Wii	✅
			Peter Jackson's King Kong: The Official Game of the Movie	PSP	✅
			One Piece: Pirate Warriors	PS3	✨
			Ratchet & Clank	PS4	✨
			Assassin's Creed: Brotherhood	PS3	✅
			Tron: Evolution	PSP	✅
			Dante's Inferno	PS3	✨
			LEGO Movie: The VideoGame	3DS	⏳
			Red Dead Redemption: Undead Nightmare	PS3	⏳
					
					
					
					
					
					
					
					
					
					
Red Dead Redemption	PS3	✅	Completed: 6	Bought: 2	
					
September 2023					
			Scurge: Hive	NDS	⏳
			Tom Clancy's Splinter Cell: Chaos Theory	NDS	⏳
			Dishonored	PS4	✅
			Samurai Warriors: Xtreme Legends	PS2	✅
			Resident Evil: Umbrella Chronicles	Wii	✅
			Assassin's Creed II	PS3	✨
			Peter Jackson's King Kong: The Official Game of the Movie	PSP	⏳
			Onimusha: Warlords	PS2	⏳
			Ratchet & Clank: Tools of Destruction	PS3	✅
			Beyond: Two Souls	PS3	⏳
					
					
					
					
					
					
					
					
					
					
Ratchet & Clank	PS4	✅	Completed: 5	Bought: 1	
					
August 2023					
			Sleeping Dogs	PS3	✅
			Scurge: Hive	NDS	⏳
			Gran Turismo 5: Academy Edition	PS3	⏳
			Extermination	PS2	✅
			Mortal Kombat XL	PS4	⏳
			Samurai Warriors: Xtreme Legends	PS2	⏳
					
					
					
					
					
					
					
					
					
					
					
					
					
					
Samurai Warriors	PS2	✅	Completed: 3	Bought: 33	
					
July 2023					
			Marvel Super Hero Squad: The Infinity Gauntlet	3DS	✅
			Mario Kart Wii	Wii	✨
			Fighting Fury	PS2	➖
			Destroy All Humans	PS2	✅
			Locoroco	PSP	✅
			Sleeping Dogs	PS3	⏳
					
					
					
					
					
					
					
					
					
					
					
					
					
					
Resident Evil 4	PS2	✅	Completed: 4	Bought: 2	
					
June 2023					
			Codename: Kids Next Door – Operation: V.I.D.E.O.G.A.M.E.	PS2	✅
			Tom Clancy's EndWar	PSP	⏳
			Metal Gear Solid 3: Snake Eater	PS2	✅
			Disney Sing It	PS2	➖
			Pirates: Duels on the High Seas	NDS	✅
			Rayman: Raving Rabbids TV Party	NDS	✅
			SSX	PS2	➖
			MotorStorm Apocalypse	PS3	⏳
			Carnival Games Mini Golf	Wii	✅
			Marvel Super Hero Squad: The Infinity Gauntlet	3DS	⏳
			Samba de Amigo	Wii	⏳
			Just Dance	Wii	➖
			Mario Kart Wii	Wii	✅
			Resident Evil 4	PS2	⏳
					
					
					
					
					
					
Rage	PS3	✅	Completed: 7	Bought: 5	
					
May 2023					
			Tom Clancy's EndWar	PSP	⏳
			Front Mission Evolved	PS3	✅
			Battlefield: Hardline	PS3	✅
			MotorStorm Apocalypse	PS3	⏳
			Codename: Kids Next Door – Operation: V.I.D.E.O.G.A.M.E.	PS2	⏳
					
					
					
					
					
					
					
					
					
					
					
					
					
					
					
Silent Hill 4: The Room	PS2	✅	Completed: 3	Bought: 25	
					
April 2023					
			Dark Souls II	PS3	✅
			Warriors Orochi 3	PS3	✨
			Racedriver GRID	NDS	⏳
			Pro Evolution Soccer 3	PS2	➖
			FIFA 16	PS3	➖
			Tekken 6	PS3	✨
			One Piece: Pirate Warriors	PS3	✅
					
					
					
					
					
					
					
					
					
					
					
					
					
God of War III	PS3	✅	Completed: 3	Bought: 1	
					
March 2023					
			Warriors Orochi 3	PS3	✅
			Gran Turismo 5 Prologue	PS3	➖
			Formula One Championship Edition	PS3	➖
			F1 2011	PS3	➖
			Top Spin 3	PS3	➖
			Disney Sing It: High School Musical 3	PS2	➖
			Dragon Ball: Raging Blast 2	PS3	⏳
			Pipe Mania	NDS	✅
			Prince of Persia	PS3	✅
			Singstar '80s	PS2	➖
			High School Musical: Sing It!	PS2	✅
			Dark Souls II	PS3	⏳
			Racedriver GRID	NDS	⏳
					
					
					
					
					
					
					
Super Mario Maker	3DS	✅	Completed: 5	Bought: 7	
					
February 2023					
			Assassin's Creed II	PS3	✅
			Mario & Sonic at the London 2012 Olympic Games	3DS	✨
			Zenses Rainforest	NDS	➖
			Phineas & Ferb: Across the 2nd Dimension	PSP	✅
			Super Mario Maker	3DS	⏳
					
					
					
					
					
					
					
					
					
					
					
					
					
					
					
Warriors Orochi 3	PS3	⏳	Completed: 2	Bought: 11	
					
January 2023					
			Mario & Sonic at the London 2012 Olympic Games	3DS	✅
			Everybody's Tennis	PSP	✅
			BlazBlue: Calamity Trigger	PS3	✅
			Assassin's Creed II	PS3	⏳
					
					
					
					
					
					
					
					
					
					
					
					
					
					
					
					
Borderlands	PS3	✅	Completed: 4	Bought: 5	
					
December 2022					
			Resident Evil Revelations 2	PS3	✅
			Singstar Pop Hits	PS2	➖
			Singstar '80s	PS2	➖
			Championship Manager 	PSP	➖
			Yo-kai Watch	3DS	✨
			FIFA 16	PS3	➖
					
					
					
					
					
					
					
					
					
					
					
					
					
					
Falling Skies: The Game	PS3	✅	Completed: 2	Bought: 1	
					
November 2022					
			Mortal Kombat: Deception	PS2 	⏳
			Burnout	PS2 	➖
			Extermination 	PS2 	⏳
			Prince of Persia: Warrior Within	PS2 	✅
			Battleship 	3DS	⏳
			Passport to... Barcelona	PSP	➖
			Buzz!: The Pop Quiz	PS2	➖
			Buzz!: Quiz World	PSP	➖
			Resident Evil Revelations 2	PS3	⏳
					
					
					
					
					
					
					
					
					
					
					
Yo-kai Watch	3DS	✅	Completed: 2	Bought: 13	
					
October 2022					
			The Legend of Zelda: Link's Awakening	G&W	✅
			W Smackdown: Here Comes The Pain	PS2	➖
			WWE SmackDown vs. Raw 2007	PS2	➖
			LEGO Star Wars II: The Original Trilogy	PS2	✅
			Farming Simulator 14	3DS	➖
			The Sims 2: Pets	NDS	➖
			New Super Mario Bros. 2	3DS	✅
			Super Monkey Ball 3D	3DS	✅
			FIFA 14 	3DS	➖
			Zoo Tycoon DS	NDS	⏳
			Yo-kai Watch	3DS	⏳
			MotorStorm: Arctic Edge	PSP	⏳
					
					
					
					
					
					
					
					
Resident Evil Revelations	PS3	✅	Completed: 5	Bought: 6	
					
September 2022					
			Disney's Kim Possible: Kimmunicator	NDS	✅
			Top Spin 4	PS3	➖
			Need for Speed: The Run	PS3	✅
			Call of Duty: World at War - Final Fronts	PS2 	✅
			Age Of Empires II: The Age of Kings	PS2	⏳
			Wreckless: The Yakuza Missions	PS2	✅
			Lost Magic	NDS 	⏳
			The Legend of Zelda: Link's Awakening	G&W	⏳
			LEGO Star Wars II: The Original Trilogy	PS2	⏳
			Scribblenauts 	NDS	✅
					
					
					
					
					
					
					
					
					
					
Prince of Persia: The Two Thrones	PS2	✅	Completed: 6	Bought: 7	
					
August 2022					
			Street Fighter IV	PS3	⏳
			Gran Turismo 3: A-Spec	PS2	⏳
			Lost Planet: Extreme Conditions	PS3 	✅
			Zelda II: The Adventure of Link	G&W	✅
			Prince of Persia: The Two Thrones	PS2	⏳
					
					
					
					
					
					
					
					
					
					
					
					
					
					
					
Tekken 6	PS3	✅	Completed: 3	Bought: 16	
					
July 2022					
			Lost Magic	NDS	⏳
			Bodycount	PS3	✅
			Vanquish	PS3	✅
			Street Fighter IV	PS3	⏳
					
					
					
					
					
					
					
					
					
					
					
					
					
					
					
					
Saints Row IV	PS3	✅	Completed: 3	Bought: 5	
					
June 2022					
			The Da Vinci Code	PS2	✅
			RTL Winter Games 2007	PS2	➖
			Thrillville: Off The Rails	PS2	✅
			World Racing 2	PS2	⏳
			Dragonball Z Budokai 2	PS2	✅
			Game & Watch: Vermin	G&W	➖
			True Crime: Streets of LA	PS2	✅
			Red Faction II	PS2	✅
			Grand Prix Challenge 	PS2	➖
					
					
					
					
					
					
					
					
					
					
					
The Legend of Zelda	G&W	✅	Completed: 6	Bought: 6	
					
May 2022					
			SSX On Tour	PS2	⏳
			Rayman DS	DS	⏳
			Pro Evolution Soccer 5	PS2	➖
			Dark Sector	PS3	✅
			UEFA EURO 2004	PS2	➖
			Buzz! Junior: Monster Rumble	PS2	➖
			The Da Vinci Code	PS2	⏳
			Buzz! Junior: Jungle Party	PS2	➖
					
					
					
					
					
					
					
					
					
					
					
					
Metal Gear Solid 4: Guns of the Patriots	PS3	✅	Completed: 2	Bought: 18	
					
April 2022					
			Killzone 3	PS3	✨
			Pro Evolution Soccer 2011	PS3	➖
			The Walking Dead: Season 2	PS3	⏳
			Pro Evolution Soccer 2012	PS3	➖
			Turok	PS3	✅
			Rayman DS	DS	⏳
			Tekken 4	PS2	✅
			Madden NFL 2003	PS2	➖
					
					
					
					
					
					
					
					
					
					
					
					
Star Wars: The Force Unleashed	PS3	✅	Completed: 3	Bought: 23	
					
March 2022					
			Echochrome	PSP	⏳
			Wii Fit Plus	Wii	➖
			Motorstorm: Pacific Rift 	PS3	✅
			Lost in Blue 3	DS	⏳
			Motorstorm	PS3	⏳
			Mirror's Edge	PS3	✅
			Just Dance 3	Wii	➖
			Killzone 2	PS3	✅
			Killzone 3	PS3	✅
					
					
					
					
					
					
					
					
					
					
					
Kingdoms of Amalur: Reckoning	PS3	✅	Completed: 5	Bought: 8	
					
February 2022					
			Wii Fit Plus	Wii	➖
			Overlord: Raising Hell	PS3	✅
			Lost Planet 2	PS3	✅
			Motorstorm: Pacific Rift	PS3	⏳
			Just Dance 3	Wii	➖
			Resistance 3	PS3	✅
			Euro Demo 01/99	PS1	➖
			Hot Pixel	PSP	✅
			Mind Quiz - Exercise Your Brain	PSP	➖
					
					
					
					
					
					
					
					
					
					
					
Kingdoms of Amalur: Reckoning	PS3	⏳	Completed: 4	Bought: 9	
					
January 2022					
			Uncharted 2: Among Thieves	PS3	✅
			Just Dance 3	Wii	➖
			Lost in Blue 3 	DS	⏳
			Bioshock Infinite	PS3	✅
			The Walking Dead	PS3	✅
			Devil May Cry	PS2	✅
			F.E.A.R.	PS3	✅
			Motorstorm: Pacific Rift	PS3	⏳
			Overlord: Raising Hell	PS3	⏳
					
					
					
					
					
					
					
					
					
					
					
Wii Fit Plus	Wii	➖	Completed: 5	Bought: 8	
					
December 2021					
			Just Dance 3	Wii	➖
			Spider-Man 2	PS2	✅
			Spider-Man 2	PSP	✅
			Cursed Mountain	Wii	✅
			The Walking Dead	PS3	⏳
			Call of Duty: Advanced Warfare 	PS3	✅
			X-Men Origins: Wolverine 	PSP	✅
			Pro Evolution Soccer 08 	PS3	➖
			FIFA 08 	PS3	➖
					
					
					
					
					
					
					
					
					
					
					
Pro Evolution Soccer 2010	PS3	➖	Completed: 5	Bought: 12	
					
November 2021					
			Wild Earth: African Safari 	Wii	✅
			Benjamin the Elephant: A Day at the Zoo 	DS	✅
			The Con 	PSP	✅
			Call of Duty: World at War 	Wii	✅
			Tony Hawk's Proving Ground 	Wii	⏳
			Jak X 	PS2	⏳
			Medal of Honor: Rising Sun 	PS2	✅
			Spider-Man 2 	PS2	⏳
					
					
					
					
					
					
					
					
					
					
					
					
Just Dance 3	Wii	➖	Completed: 5	Bought: 0	
					
October 2021					
			Dino Crisis	PS1	✅
			Wild Earth: African Safari	Wii	⏳
			The Con	PSP	⏳
			X-Men Destiny	PS3	✅
			Benjamin the Elephant: A Day at the Zoo	DS	⏳
			Devil Kings	PS2	✅
			Jak X: Combat Racing	PS2	⏳
					
					
					
					
					
					
					
					
					
					
					
					
					
Bully	PS2	✅	Completed: 4	Bought: 4	
					
September 2021					
			Metroid Prime 3: Corruption 	Wii	⏳
			Anno: Create a New World  	DS	✅
			Wild Earth: African Safari 	Wii	⏳
			Gunpey DS  	DS	✅
			The Con 	PSP	⏳
			James Bond 007: Everything or Nothing  	PS2	✅
			Dino Crisis 	PS1	⏳
					
					
					
					
					
					
					
					
					
					
					
					
					
MadWorld	Wii	✅	Completed: 4	Bought: 1	
					
August 2021					
			Kessen II  	PS2	✅
			Burnout 2: Point of Impact 	PS2	⏳
			Key of Heaven  	PSP	✅
			Legend of the Dragon  	PSP	✅
			Medal of Honor: European Assault  	PS2	✅
			Athens 2004 	PS2	➖
			Mike Tyson - Heavyweight Boxing 	PS2	➖
			James Bond 007: Everything or Nothing 	PS2	⏳
			Wild Earth: African Safari 	Wii	⏳
			Metroid Prime 3: Corruption 	WIi	⏳
			Anno: Create a New World 	DS	⏳
					
					
					
					
					
					
					
					
					
Everybody's Golf	PSP	➖	Completed: 4	Bought: 13	
					
July 2021					
			Duke Nukem Forever  	PS3	✅
			Motorstorm 	PS3	⏳
			More Touchmaster 	DS	➖
			Full Auto 2 Battlelines 	PS3	⏳
			Fallout: Brotherhood of Steel 	PS2	⏳
			Toshinden 4  	PS1	✅
			Kessen II 	PS2	⏳
			Zoo Quest - Puzzle Fun  	DS	✅
			Mahjongg DS  	DS	✅
					
					
					
					
					
					
					
					
					
					
					
Key of Heaven	PSP	⏳	Completed: 4	Bought: 17	
					
June 2021					
			Wet  	PS3	✅
			Resistance: Fall of Man  	PS3	✅
			Rayman 3  	GBA	✅
					
					
					
					
					
					
					
					
					
					
					
					
					
					
					
					
					
Star Wars: The Force Unleashed	PSP	✅	Completed: 4	Bought: 4	
					
May 2021					
			Naruto Shippuden: Ultimate Ninja Storm 2  	PS3	✅
			Call of Duty: Black Ops 	PS3	✨
			Cursed Mountain 	Wii	⏳
			Ridge Racer 7 	PS3	⏳
			Wet 	PS3	⏳
					
					
					
					
					
					
					
					
					
					
					
					
					
					
					
Manhunt 2	PSP	✅	Completed: 2	Bought: 0	
					
April 2021					
			Naruto Shippuden: Ultimate Ninja Storm 2 	PS3	⏳
			Manhunt 2 	PSP	⏳
			Cursed Mountain 	Wii	⏳
					
					
					
					
					
					
					
					
					
					
					
					
					
					
					
					
					
Rayman Origins	Wii	✅	Completed: 1	Bought: 15	
					
March 2021					
			Star Wars: Jedi Power Battles 	GBA	⏳
			Darksiders II  	PS3	✅
			Rayman Origins 	Wii	⏳
			Manhunt 2 	PSP	⏳
			Naruto Shippuden: Ultimate Ninja Storm 2 	PS3	⏳
					
					
					
					
					
					
					
					
					
					
					
					
					
					
					
Pokemon White	DS	✅	Completed: 2	Bought: 2	
					
February 2021					
			Tom Clancy's Ghost Recon: Advanced Warfighter 2  	PSP	✅
			Scribblenauts 	DS	⏳
			More TouchMaster 	DS	➖
			Darksiders II 	PS3	⏳
			Pokemon White 	DS	⏳
			Just Dance 3 	Wii	➖
			Rayman Origins 	Wii	⏳
			Mario Party 8 	Wii	➖
					
					
					
					
					
					
					
					
					
					
					
					
Avatar: The Last Airbender – The Burning Earth 	DS	✅	Completed: 2	Bought: 6	
					
January 2021					
			Call of Duty: Black Ops  	PS3	✅
			Darksiders II 	PS3	⏳
			Call of Duty: Black Ops  	DS	✅
			Harvest Fishing 	DS	⏳
			Tom Clancy's Ghost Recon: Advanced Warfighter 2 	PSP	⏳
					
					
					
					
					
					
					
					
					
					
					
					
					
					
					
LEGO Harry Potter Years 1-4	PSP	✅	Completed: 3	Bought: 4	
					
December 2020					
			Warriors Orochi 	PSP	✨
			Call of Duty: Black Ops 	PS3	⏳
			LEGO Harry Potter Years 1-4 	PSP	⏳
					
					
					
					
					
					
					
					
					
					
					
					
					
					
					
					
					
Grand Theft Auto III	PS2	⏳	Completed: 0	Bought: 2	
					
November 2020					
			Final Fantasy X 	PS2	⏳
			Harvest Fishing 	DS	⏳
					
					
					
					
					
					
					
					
					
					
					
					
					
					
					
					
					
					
Warriors Orochi 	PSP	✨	Completed: 0	Bought: 1	
					
October 2020					
			Heavy Rain: Move Edition 	PS3	✨
			Harvest FIshing 	DS	⏳
			Final Fantasy X 	PS2	⏳
					
					
					
					
					
					
					
					
					
					
					
					
					
					
					
					
					
Warriors Orochi  	PSP	✅	Completed: 1	Bought: 5	
					
September 2020					
			Turok 	PS3	⏳
			Ridge Racer: Unbounded 	PS3	⏳
			Fallout: Brotherhood of Steel 	PS2	⏳
			Virtua Tennis 3 	PS3	➖
			Duke Nukem Forever 	PS3	⏳
			NBA Jam 	PS3	➖
			Heavy Rain: Move Edition 	PS3	✨
			Warriors Orochi 	PSP	⏳
					
					
					
					
					
					
					
					
					
					
					
					
Fallout 3  	PS3	✅	Completed: 1	Bought: 2	
					
August 2020					
			Killzone  ️	PS2	✅
			Batman: Arkham Asylum  ️	PS3	✅
			Virtua Tennis 3 	PS3	➖
			Fallout 3 	PS3	⏳
			Turok 	PS3	⏳
					
					
					
					
					
					
					
					
					
					
					
					
					
					
					
Fallout: New Vegas  	PS3	✅	Completed: 3	Bought: 4	
					
July 2020					
			Skate 3  ️	PS3	✅
			Dungeon Siege 3  ️	PS3	✅
			Metal Gear Solid 2: Sons of Liberty  ️	PS2	✅
			SEGA Superstars Tennis 	PS2	⏳
			One Piece Grand Adventure  ️	PS2	✅
			Tom Clancy's Rainbow Six: Vegas 2  ️	PS3	✅
			Killzone 	PS2	⏳
			Dark Souls II 	PS3	⏳
			Fallout: Brotherhood of Steel 	PS2	⏳
					
					
					
					
					
					
					
					
					
					
					
Bioshock  	PS3	✅	Completed: 6	Bought: 9	
					
June 2020					
			Final Fantasy XIII  ️	PS3	✅
			Call of Duty: World at War  ️	PS3	✅
			Destiny 	PS3	⏳
			Call of Duty 4: Modern Warfare  ️	PS3	✅
			Uncharted 3: Drake's Deception 	PS3	⏳
			Homefront  ️	PS3	✅
			Call of Duty: Black Ops II  ️	PS3	✅
			Alone in the Dark - Inferno 	PS3	⏳
			Skate 3 	PS3	⏳
					
					
					
					
					
					
					
					
					
					
					
Gran Turismo 5 	PS3	⏳	Completed: 5	Bought: 5	
					
May 2020					
			Shadow Man: 2econd Coming  ️	PS2	✅
			Duke Nukem Forever 	PS3	⏳
			Call of Duty: World at War 	PS3	⏳
			Bionic Commando  ️	PS3	✅
			Dynasty Warriors: Strikeforce 	PSP	⏳
					
					
					
					
					
					
					
					
					
					
					
					
					
					
					
Final Fantasy XIII 	PS3	⏳	Completed: 2	Bought: 0	
					
April 2020					
			Infamous 2  ️	PS3	✅
			Resident Evil 6  ️	PS3	✅
			Uncharted: Drake's Fortune  ️	PS3	✅
			Warhammer 40k: Space Marine  ️	PS3	✅
			Ridge Racer: Unbounded 	PS3	⏳
			LittleBigPlanet 2  ️	PS3	✅
			Duke Nukem Forever 	PS3	⏳
			Assassin's Creed  ️	PS3	✅
			Half-Life 	PS2	⏳
			Shadow Man: 2econd Coming 	PS2	⏳
					
					
					
					
					
					
					
					
					
					
Bioshock 2  	PS3	✅	Completed: 7	Bought: 5	
					
March 2020					
			Shaun White Skateboarding  ️	PS3	✅
			NBA Jam 	PS3	➖
			Duke Nukem Forever 	PS3	⏳
			Resident Evil 6 	PS3	⏳
			Bioshock 2 	PS3	⏳
			Batman: Arkham City  ️	PS3	✅
			Dynasty Warriors: Strikeforce 	PSP	⏳
			Enslaved: Odyssey to the West  ️	PS3	✅
			Infamous 2 	PS3	⏳
					
					
					
					
					
					
					
					
					
					
					
X-Men Legends II: Rise of Apocalypse  	PSP	✅	Completed: 4	Bought: 0	
					
February 2020					
			Duke Nukem Forever 	PS3	⏳
			Resident Evil 6 	PS3	⏳
			Alien Syndrome  ️	PSP	✅
			X-Men Legends II: Rise of Apocalypse 	PSP	⏳
			Shaun White Skateboarding 	PS3	⏳
			NBA Jam 	PS3	➖
					
					
					
					
					
					
					
					
					
					
					
					
					
					
Lighting Returns: Final Fantasy XIII  	PS3	✅	Completed: 2	Bought: 4	
					
January 2020					
			Resident Evil 5  ️	PS3	✅
			Final Fantasy XIII-2  ️	PS3	✅
			Call of Duty 3  ️	PS3	✅
			Jak and Daxter: The Lost Frontier  ️	PSP	✅
			Alien Syndrome 	PSP	⏳
			Duke Nukem Forever 	PS3	⏳
					
					
					
					
					
					
					
					
					
					
					
					
					
					
Resident Evil 6 	PS3	⏳	Completed: 4	Bought: 6	
					
December 2019					
			Resident Evil 5 	PS3	⏳
			Secret of Mana 	SNESc	⏳
			Call of Duty 3 	PS3	⏳
					
					
					
					
					
					
					
					
					
					
					
					
					
					
					
					
					
Final Fantasy XIII-2 	PS3	⏳	Completed: 0	Bought: 8	
					
November 2019					
			Dante's Inferno  ️	PS3	✅
			Warhammer 40k: Space Marine 	PS3	⏳
			Resident Evil 5 	PS3	⏳
			Metal Gear Ac!d 	PSP	⏳
			Final Fantasy XIII-2 	PS3	⏳
					
					
					
					
					
					
					
					
					
					
					
					
					
					
					
Innocent Life 	PSP	✅	Completed: 2	Bought: 1	
					
October 2019					
			L.A. Noire  ️	PS3	✅
			Extermination 	PS2	⏳
			Dante's Inferno 	PS3	⏳
					
					
					
					
					
					
					
					
					
					
					
					
					
					
					
					
					
Innocent Life 	PSP	⏳	Completed: 1	Bought: 7	
					
September 2019					
			Naruto: Ultimate Ninja Heroes 	PSP	⏳
			Darksiders  ️	PS3	✅
			Resident Evil 5 	PS3	⏳
			Extermination 	PS2	⏳
			Warhammer 40k: Space Marine 	PS3	⏳
			South Park: The Stick of Truth  ️	PS3	✅
			L.A. Noire 	PS3	⏳
			Innocent Life 	PSP	⏳
					
					
					
					
					
					
					
					
					
					
					
					
Grand Theft Auto: Vice City Stories  	PSP	✅	Completed: 3	Bought: 4	
					
August 2019					
			DMC Devil May Cry 	PS3	✨
			Alone in the Dark - Inferno  ️	PS3	✅
			LittleBigPlanet  ️	PSP	✅
			Street Fighter II Turbo: Hyper Edition 	SNESc	➖
			Contra III: The Alien Wars 	SNESc	✨
			Super Mario World 	SNESc	✨
			Super Mario Kart 	SNESc	➖
			Call of Duty: Modern Warfare 3  ️	PS3	✅
			Resident Evil 5 	PS3	⏳
			Naruto: Ultimate Ninja Heroes 	PSP	⏳
			Darksiders 	PS3	⏳
					
					
					
					
					
					
					
					
					
Saint Row: The Third  	PS3	✅	Completed: 4	Bought: 4	
					
July 2019					
			Metal Gear Solid: Peace Walker 	PSP	⏳
			Metal Gear Ac!d 	PSP	⏳
			LittleBigPlanet 	PSP	⏳
			Call of Duty: Roads to Victory  ️	PSP	✅
			Burnout Paradise  ️	PS3	✅
					
					
					
					
					
					
					
					
					
					
					
					
					
					
					
DMC Devil May Cry  	PS3	✅	Completed: 3	Bought: 3	
					
June 2019					
			Burnout Paradise 	PS3	⏳
			Darksiders 	PS3	⏳
					
					
					
					
					
					
					
					
					
					
					
					
					
					
					
					
					
					
Metal Geaer Solid: Peace Walker	PSP	✅	Completed: 1	Bought: 1	
					
May 2019					
			Resistance 2  ️	PS3	✅
			Heavy Rain: Move Edition  ️	PS3	⏳
			Split/Second: Velocity  ️	PSP	✅
			Medal Of Honor: Heroes 	PSP	⏳
			Burnout Paradise 	PS3	⏳
					
					
					
					
					
					
					
					
					
					
					
					
					
					
					
Metal Geaer Solid: Peace Walker	PSP	⏳	Completed: 2	Bought: 6	
					
April 2019					
			Harry Potter and the Order of Phoenix 	PSP	⏳
			Medal Of Honor: Heroes  ️	PSP	✅
			Assassin's Creed: Revelations  ️	PS3	✅
			Naruto: Ultimate Ninja Heroes 2  ️	PSP	✅
			Resistance 2 	PS3	⏳
			Heavy Rain: Move Edition  ️	PS3	✅
					
					
					
					
					
					
					
					
					
					
					
					
					
					
Split/Second: Velocity	PSP	⏳	Completed: 4	Bought: 4	
					
March 2019					
			Pokémon Mystery Dungeon: Explorers of Sky  ️	DS	✅
			Darksiders 	PS3	⏳
			Assassin's Creed: Revelations 	PS3	⏳
			Fallout: New Vegas 	PS3	⏳
			WipeOut Pulse 	PSP	⏳
			Professor Layton and the Curious Village 	DS	✨
			Harry Potter and the Order of Phoenix 	PSP	⏳
					
					
					
					
					
					
					
					
					
					
					
					
					
The Darkness	PS3	✅	Completed: 2	Bought: 11	
					
February 2019					
			Pokémon Mystery Dungeon: Explorers of Sky 	DS	⏳
			Earthbound  ️	SNESc	✅
			Second Sight  ️	PS2	✅
			Syphon Filter: The Omega Strain 	PS2	⏳
			Final Fantasy III 	SNESc	⏳
			Dynasty Warriors 5 Xtreme Legends  ️	PS2	✅
			Summoner 	PS2	⏳
			Star Trek Encounters 	PS2	⏳
					
					
					
					
					
					
					
					
					
					
					
					
Devil May Cry 3 Special Edition	PS2	✅	Completed: 4	Bought: 3	
					
January 2019					
			Earthbound 	SNESc	⏳
			Super Mario Kart 	SNESc	➖
			MX vs ATV Untamed 	PSP	⏳
			Harvest Moon DS: Island of Happiness 	DS	⏳
			Star Trek Encounters 	PS2	⏳
			Mario Party DS 	DS	➖
			Devil May Cry 3: Dante's Awakening Special Edition 	PS2	⏳
			Pokémon Mystery Dungeon: Explorers of Sky 	DS	⏳
					
					
					
					
					
					
					
					
					
					
					
					
Pokemon Mystery Dungeon: Blue Rescue Team 	DS	✅	Completed: 1	Bought: 5	
					
December 2018					
			Harry Potter and the Order of Phoenix 	PSP	⏳
					
					
					
					
					
					
					
					
					
					
					
					
					
					
					
					
					
					
					
Wipeout Pulse	PSP	⏳	Completed: 0	Bought: 0	
					
November 2018					
			Over The Edge: Hammy Goes Nuts!  ️	PSP	✅
					
					
					
					
					
					
					
					
					
					
					
					
					
					
					
					
					
					
					
Fight Night Round 3	PSP	➖	Completed: 1	Bought: 4	
					
October 2018					
			Fight Night Round 3 	PSP	➖
			The Sniper 2  ️	PS2	✅
			Yerevan Drive 	PC	➖
					
					
					
					
					
					
					
					
					
					
					
					
					
					
					
					
					
The Chronicles of Narnia: Lion, Witch and Wardrobe	GBA	✅	Completed: 2	Bought: 2	
					
September 2018					
			Super Mario World 2: Yoshi's Island  ️	SNESc	✅
			Mario Kart DS 	DS	✨
			Star Fox 2   ️	SNESc	✅
			Super Ghouls 'n Ghosts  ️	SNESc	✅
			Gran Turismo 4 Prologue 	PS2	➖
			Kirby Super Star  ️	SNESc	✅
			Mega Man X 	SNESc	⏳
			Earthbound 	SNESc	⏳
			Super Punch-Out 	SNESc	➖
			Pitfall: The Lost Expedition 	PS2	⏳
			The Chronicles of Narnia:The Lion,the Witch and the Wardrobe 	GBA	⏳
			Pokémon Mystery Dungeon: Blue Rescue Team 	DS	⏳
			The Legend of Zelda: A Link to the Past 	SNESc	⏳
			Army Men: Soldiers of Misfortune 	DS	⏳
			Mario Party DS 	DS	➖
			Sega Superstars Tennis 	PS2	⏳
			Guilty Gear X2 #Reload  ️	PC	✅
			Fight Night Round 3 	PSP	➖
			Contra III: The Alien Wars  ️	SNESc	✅
					
Rune Factory 2	DS	✅	Completed: 7	Bought: 2	
					
August 2018					
			Rune Factory 2 	DS	⏳
			Super Mario World 2: Yoshi's Island 	SNESc	⏳
			Mario Kart DS  ️	DS	✅
			Super Ghouls 'n Ghosts 	SNESc	⏳
			Kirby Super Star 	SNESc	⏳
			The Legend of Zelda: A Link to the Past 	SNESc	⏳
			Street Fighter II Turbo: Hyper Edition 	SNESc	➖
			Contra III: The Alien Wars 	SNESc	⏳
			Kirby's Dream Course 	SNESc	➖
			Super Mario Kart 	SNESc	➖
			Super Castlevania IV  ️	SNESc	✅
			F-Zero 	SNESc	➖
			Donkey Kong Country  ️	SNESc	✅
			Super Mario RPG: Legend Of The Seven Stars  ️	SNESc	✅
			Star Fox 	SNESc	✨
			Super Mario World  ️	SNESc	✅
					
					
					
					
Super Metroid	SNESc	✅	Completed: 6	Bought: 19	